Date,Year,Passengers,,,,,
1/1,2019,"2,201,765",,,,,
1/2,2019,"2,424,225",,,,,
1/3,2019,"2,279,384",,,,,
1/4,2019,"2,230,078",,,,,
1/5,2019,"2,049,460",,,,,
1/6,2019,"2,299,648",,,,,
1/7,2019,"2,119,879",,,,,
1/8,2019,"1,805,496",,,,,
1/9,2019,"1,811,152",,,,,
1/10,2019,"2,029,644",,,,,
1/11,2019,"2,046,974",,,,,
1/12,2019,"1,671,503",,,,,
1/13,2019,"2,042,237",,,,,
1/14,2019,"1,959,989",,,,,
1/15,2019,"1,674,596",,,,,
1/16,2019,"1,856,214",,,,,
1/17,2019,"2,217,324",,,,,
1/18,2019,"2,350,565",,,,,
1/19,2019,"1,665,747",,,,,
1/20,2019,"1,845,674",,,,,
1/21,2019,"2,254,626",,,,,
1/22,2019,"1,877,634",,,,,
1/23,2019,"1,837,029",,,,,
1/24,2019,"2,067,422",,,,,
1/25,2019,"2,131,407",,,,,
1/26,2019,"1,637,770",,,,,
1/27,2019,"2,084,603",,,,,
1/28,2019,"1,938,084",,,,,
1/29,2019,"1,605,701",,,,,
1/30,2019,"1,664,554",,,,,
1/31,2019,"2,014,515",,,,,
2/1,2019,"2,155,740",,,,,
2/2,2019,"1,658,417",,,,,
2/3,2019,"1,861,198",,,,,
2/4,2019,"2,079,030",,,,,
2/5,2019,"1,725,457",,,,,
2/6,2019,"1,828,932",,,,,
2/7,2019,"2,140,678",,,,,
2/8,2019,"2,214,249",,,,,
2/9,2019,"1,715,486",,,,,
2/10,2019,"2,179,046",,,,,
2/11,2019,"2,133,170",,,,,
2/12,2019,"1,695,994",,,,,
2/13,2019,"2,030,560",,,,,
2/14,2019,"2,306,090",,,,,
2/15,2019,"2,444,760",,,,,
2/16,2019,"1,923,760",,,,,
2/17,2019,"2,150,695",,,,,
2/18,2019,"2,477,521",,,,,
2/19,2019,"2,178,494",,,,,
2/20,2019,"2,023,523",,,,,
2/21,2019,"2,353,953",,,,,
2/22,2019,"2,416,293",,,,,
2/23,2019,"1,917,781",,,,,
2/24,2019,"2,274,850",,,,,
2/25,2019,"2,240,859",,,,,
2/26,2019,"1,937,469",,,,,
2/27,2019,"2,090,089",,,,,
2/28,2019,"2,381,453",,,,,
2/29,2019,null,,,,,
3/1,2019,"2,431,311",,,,,
3/2,2019,"1,954,068",,,,,
3/3,2019,"2,302,852",,,,,
3/4,2019,"2,258,980",,,,,
3/5,2019,"1,980,296",,,,,
3/6,2019,"2,148,953",,,,,
3/7,2019,"2,404,944",,,,,
3/8,2019,"2,544,987",,,,,
3/9,2019,"2,156,725",,,,,
3/10,2019,"2,486,948",,,,,
3/11,2019,"2,380,467",,,,,
3/12,2019,"2,123,988",,,,,
3/13,2019,"2,187,792",,,,,
3/14,2019,"2,505,399",,,,,
3/15,2019,"2,634,942",,,,,
3/16,2019,"2,275,192",,,,,
3/17,2019,"2,546,404",,,,,
3/18,2019,"2,466,739",,,,,
3/19,2019,"2,191,683",,,,,
3/20,2019,"2,320,885",,,,,
3/21,2019,"2,513,231",,,,,
3/22,2019,"2,559,307",,,,,
3/23,2019,"2,227,181",,,,,
3/24,2019,"2,542,643",,,,,
3/25,2019,"2,434,370",,,,,
3/26,2019,"2,151,913",,,,,
3/27,2019,"2,273,811",,,,,
3/28,2019,"2,487,162",,,,,
3/29,2019,"2,538,384",,,,,
3/30,2019,"2,172,920",,,,,
3/31,2019,"2,510,294",,,,,
4/1,2019,"2,360,053",,,,,
4/2,2019,"2,026,256",,,,,
4/3,2019,"2,151,626",,,,,
4/4,2019,"2,411,500",,,,,
4/5,2019,"2,476,884",,,,,
4/6,2019,"2,011,715",,,,,
4/7,2019,"2,462,929",,,,,
4/8,2019,"2,384,091",,,,,
4/9,2019,"2,091,056",,,,,
4/10,2019,"2,229,276",,,,,
4/11,2019,"2,487,398",,,,,
4/12,2019,"2,590,499",,,,,
4/13,2019,"2,059,142",,,,,
4/14,2019,"2,446,801",,,,,
4/15,2019,"2,484,580",,,,,
4/16,2019,"2,208,688",,,,,
4/17,2019,"2,317,381",,,,,
4/18,2019,"2,616,158",,,,,
4/19,2019,"2,457,133",,,,,
4/20,2019,"1,988,205",,,,,
4/21,2019,"2,356,802",,,,,
4/22,2019,"2,594,171",,,,,
4/23,2019,"2,227,475",,,,,
4/24,2019,"2,254,209",,,,,
4/25,2019,"2,526,961",,,,,
4/26,2019,"2,521,897",,,,,
4/27,2019,"1,990,464",,,,,
4/28,2019,"2,506,809",,,,,
4/29,2019,"2,412,770",,,,,
4/30,2019,"2,102,068",,,,,
5/1,2019,"2,256,442",,,,,
5/2,2019,"2,499,461",,,,,
5/3,2019,"2,546,029",,,,,
5/4,2019,"1,968,278",,,,,
5/5,2019,"2,512,598",,,,,
5/6,2019,"2,470,969",,,,,
5/7,2019,"2,106,597",,,,,
5/8,2019,"2,270,662",,,,,
5/9,2019,"2,555,342",,,,,
5/10,2019,"2,602,631",,,,,
5/11,2019,"1,985,942",,,,,
5/12,2019,"2,419,114",,,,,
5/13,2019,"2,512,315",,,,,
5/14,2019,"2,191,387",,,,,
5/15,2019,"2,343,675",,,,,
5/16,2019,"2,611,324",,,,,
5/17,2019,"2,664,549",,,,,
5/18,2019,"2,091,116",,,,,
5/19,2019,"2,620,276",,,,,
5/20,2019,"2,615,691",,,,,
5/21,2019,"2,312,727",,,,,
5/22,2019,"2,472,123",,,,,
5/23,2019,"2,673,635",,,,,
5/24,2019,"2,792,670",,,,,
5/25,2019,"2,124,825",,,,,
5/26,2019,"2,070,716",,,,,
5/27,2019,"2,512,237",,,,,
5/28,2019,"2,453,649",,,,,
5/29,2019,"2,269,035",,,,,
5/30,2019,"2,485,770",,,,,
5/31,2019,"2,570,613",,,,,
6/1,2019,"2,117,180",,,,,
6/2,2019,"2,555,578",,,,,
6/3,2019,"2,499,002",,,,,
6/4,2019,"2,247,421",,,,,
6/5,2019,"2,370,152",,,,,
6/6,2019,"2,623,947",,,,,
6/7,2019,"2,649,808",,,,,
6/8,2019,"2,225,952",,,,,
6/9,2019,"2,669,860",,,,,
6/10,2019,"2,644,981",,,,,
6/11,2019,"2,433,189",,,,,
6/12,2019,"2,509,058",,,,,
6/13,2019,"2,675,686",,,,,
6/14,2019,"2,727,860",,,,,
6/15,2019,"2,318,946",,,,,
6/16,2019,"2,642,083",,,,,
6/17,2019,"2,699,580",,,,,
6/18,2019,"2,466,574",,,,,
6/19,2019,"2,552,395",,,,,
6/20,2019,"2,728,786",,,,,
6/21,2019,"2,772,903",,,,,
6/22,2019,"2,378,559",,,,,
6/23,2019,"2,719,643",,,,,
6/24,2019,"2,716,428",,,,,
6/25,2019,"2,506,510",,,,,
6/26,2019,"2,594,661",,,,,
6/27,2019,"2,711,222",,,,,
6/28,2019,"2,730,515",,,,,
6/29,2019,"2,368,846",,,,,
6/30,2019,"2,632,030",,,,,
7/1,2019,"2,455,536",,,,,
7/2,2019,"2,347,767",,,,,
7/3,2019,"2,547,889",,,,,
7/4,2019,"2,088,760",,,,,
7/5,2019,"2,184,253",,,,,
7/6,2019,"2,345,846",,,,,
7/7,2019,"2,795,369",,,,,
7/8,2019,"2,748,718",,,,,
7/9,2019,"2,506,859",,,,,
7/10,2019,"2,515,902",,,,,
7/11,2019,"2,608,209",,,,,
7/12,2019,"2,716,812",,,,,
7/13,2019,"2,312,178",,,,,
7/14,2019,"2,669,717",,,,,
7/15,2019,"2,615,115",,,,,
7/16,2019,"2,447,177",,,,,
7/17,2019,"2,522,563",,,,,
7/18,2019,"2,716,828",,,,,
7/19,2019,"2,776,960",,,,,
7/20,2019,"2,396,462",,,,,
7/21,2019,"2,727,355",,,,,
7/22,2019,"2,635,312",,,,,
7/23,2019,"2,499,460",,,,,
7/24,2019,"2,561,911",,,,,
7/25,2019,"2,705,399",,,,,
7/26,2019,"2,732,770",,,,,
7/27,2019,"2,364,925",,,,,
7/28,2019,"2,700,723",,,,,
7/29,2019,"2,613,346",,,,,
7/30,2019,"2,438,967",,,,,
7/31,2019,"2,542,365",,,,,
8/1,2019,"2,742,882",,,,,
8/2,2019,"2,730,936",,,,,
8/3,2019,"2,367,967",,,,,
8/4,2019,"2,688,640",,,,,
8/5,2019,"2,619,406",,,,,
8/6,2019,"2,387,115",,,,,
8/7,2019,"2,430,094",,,,,
8/8,2019,"2,707,986",,,,,
8/9,2019,"2,725,000",,,,,
8/10,2019,"2,290,340",,,,,
8/11,2019,"2,647,897",,,,,
8/12,2019,"2,567,986",,,,,
8/13,2019,"2,306,829",,,,,
8/14,2019,"2,391,906",,,,,
8/15,2019,"2,602,446",,,,,
8/16,2019,"2,627,564",,,,,
8/17,2019,"2,171,962",,,,,
8/18,2019,"2,584,444",,,,,
8/19,2019,"2,576,965",,,,,
8/20,2019,"2,247,446",,,,,
8/21,2019,"2,306,838",,,,,
8/22,2019,"2,533,184",,,,,
8/23,2019,"2,559,244",,,,,
8/24,2019,"2,039,233",,,,,
8/25,2019,"2,493,162",,,,,
8/26,2019,"2,358,007",,,,,
8/27,2019,"2,015,088",,,,,
8/28,2019,"2,188,688",,,,,
8/29,2019,"2,561,109",,,,,
8/30,2019,"2,658,558",,,,,
8/31,2019,"1,954,902",,,,,
9/1,2019,"1,887,845",,,,,
9/2,2019,"2,278,159",,,,,
9/3,2019,"2,037,750",,,,,
9/4,2019,"1,889,044",,,,,
9/5,2019,"2,109,858",,,,,
9/6,2019,"2,198,828",,,,,
9/7,2019,"1,755,502",,,,,
9/8,2019,"2,370,003",,,,,
9/9,2019,"2,292,985",,,,,
9/10,2019,"1,943,379",,,,,
9/11,2019,"2,005,867",,,,,
9/12,2019,"2,449,302",,,,,
9/13,2019,"2,484,025",,,,,
9/14,2019,"1,879,822",,,,,
9/15,2019,"2,485,134",,,,,
9/16,2019,"2,405,832",,,,,
9/17,2019,"2,013,050",,,,,
9/18,2019,"2,146,857",,,,,
9/19,2019,"2,455,410",,,,,
9/20,2019,"2,571,924",,,,,
9/21,2019,"1,938,402",,,,,
9/22,2019,"2,524,397",,,,,
9/23,2019,"2,431,388",,,,,
9/24,2019,"2,033,490",,,,,
9/25,2019,"2,188,236",,,,,
9/26,2019,"2,510,926",,,,,
9/27,2019,"2,547,611",,,,,
9/28,2019,"1,966,234",,,,,
9/29,2019,"2,452,596",,,,,
9/30,2019,"2,368,818",,,,,
10/1,2019,"1,998,980",,,,,
10/2,2019,"2,082,179",,,,,
10/3,2019,"2,447,687",,,,,
10/4,2019,"2,526,835",,,,,
10/5,2019,"1,921,185",,,,,
10/6,2019,"2,542,118",,,,,
10/7,2019,"2,400,153",,,,,
10/8,2019,"2,035,628",,,,,
10/9,2019,"2,215,233",,,,,
10/10,2019,"2,605,291",,,,,
10/11,2019,"2,688,032",,,,,
10/12,2019,"2,074,718",,,,,
10/13,2019,"2,555,333",,,,,
10/14,2019,"2,616,771",,,,,
10/15,2019,"2,313,632",,,,,
10/16,2019,"2,317,763",,,,,
10/17,2019,"2,581,007",,,,,
10/18,2019,"2,637,667",,,,,
10/19,2019,"2,049,855",,,,,
10/20,2019,"2,606,266",,,,,
10/21,2019,"2,514,673",,,,,
10/22,2019,"2,126,637",,,,,
10/23,2019,"2,245,199",,,,,
10/24,2019,"2,541,581",,,,,
10/25,2019,"2,594,337",,,,,
10/26,2019,"1,931,971",,,,,
10/27,2019,"2,478,287",,,,,
10/28,2019,"2,347,017",,,,,
10/29,2019,"1,910,506",,,,,
10/30,2019,"2,066,516",,,,,
10/31,2019,"2,047,910",,,,,
11/1,2019,"2,319,906",,,,,
11/2,2019,"1,836,781",,,,,
11/3,2019,"2,459,525",,,,,
11/4,2019,"2,403,304",,,,,
11/5,2019,"2,005,101",,,,,
11/6,2019,"2,147,882",,,,,
11/7,2019,"2,507,365",,,,,
11/8,2019,"2,617,031",,,,,
11/9,2019,"1,970,562",,,,,
11/10,2019,"2,425,615",,,,,
11/11,2019,"2,465,392",,,,,
11/12,2019,"2,150,003",,,,,
11/13,2019,"2,072,207",,,,,
11/14,2019,"2,364,920",,,,,
11/15,2019,"2,437,211",,,,,
11/16,2019,"1,807,230",,,,,
11/17,2019,"2,396,681",,,,,
11/18,2019,"2,298,856",,,,,
11/19,2019,"1,900,895",,,,,
11/20,2019,"2,071,631",,,,,
11/21,2019,"2,428,095",,,,,
11/22,2019,"2,550,459",,,,,
11/23,2019,"2,194,291",,,,,
11/24,2019,"2,321,546",,,,,
11/25,2019,"2,254,188",,,,,
11/26,2019,"2,435,170",,,,,
11/27,2019,"2,624,250",,,,,
11/28,2019,"1,591,158",,,,,
11/29,2019,"1,968,137",,,,,
11/30,2019,"2,648,268",,,,,
12/1,2019,"2,882,915",,,,,
12/2,2019,"2,591,470",,,,,
12/3,2019,"2,280,403",,,,,
12/4,2019,"2,122,576",,,,,
12/5,2019,"2,333,173",,,,,
12/6,2019,"2,348,822",,,,,
12/7,2019,"1,816,896",,,,,
12/8,2019,"2,359,385",,,,,
12/9,2019,"2,296,732",,,,,
12/10,2019,"1,964,234",,,,,
12/11,2019,"2,088,451",,,,,
12/12,2019,"2,433,028",,,,,
12/13,2019,"2,459,107",,,,,
12/14,2019,"1,954,965",,,,,
12/15,2019,"2,367,915",,,,,
12/16,2019,"2,320,721",,,,,
12/17,2019,"2,076,328",,,,,
12/18,2019,"2,304,407",,,,,
12/19,2019,"2,544,637",,,,,
12/20,2019,"2,681,695",,,,,
12/21,2019,"2,557,988",,,,,
12/22,2019,"2,589,688",,,,,
12/23,2019,"2,562,555",,,,,
12/24,2019,"2,042,078",,,,,
12/25,2019,"1,996,541",,,,,
12/26,2019,"2,623,113",,,,,
12/27,2019,"2,654,247",,,,,
12/28,2019,"2,540,383",,,,,
12/29,2019,"2,647,034",,,,,
12/30,2019,"2,572,305",,,,,
12/31,2019,"2,073,706",,,,,
1/1,2020,"2,196,916",,,,,
1/2,2020,"2,461,726",,,,,
1/3,2020,"2,381,987",,,,,
1/4,2020,"2,244,162",,,,,
1/5,2020,"2,491,894",,,,,
1/6,2020,"2,280,882",,,,,
1/7,2020,"1,871,059",,,,,
1/8,2020,"1,880,834",,,,,
1/9,2020,"2,102,860",,,,,
1/10,2020,"2,142,463",,,,,
1/11,2020,"1,749,697",,,,,
1/12,2020,"2,253,585",,,,,
1/13,2020,"2,060,378",,,,,
1/14,2020,"1,756,374",,,,,
1/15,2020,"1,943,701",,,,,
1/16,2020,"2,312,979",,,,,
1/17,2020,"2,418,305",,,,,
1/18,2020,"1,844,437",,,,,
1/19,2020,"2,064,997",,,,,
1/20,2020,"2,367,538",,,,,
1/21,2020,"1,936,023",,,,,
1/22,2020,"1,867,782",,,,,
1/23,2020,"2,169,321",,,,,
1/24,2020,"2,215,449",,,,,
1/25,2020,"1,705,850",,,,,
1/26,2020,"2,203,488",,,,,
1/27,2020,"2,073,819",,,,,
1/28,2020,"1,707,733",,,,,
1/29,2020,"1,842,526",,,,,
1/30,2020,"2,154,295",,,,,
1/31,2020,"2,229,563",,,,,
2/1,2020,"1,719,082",,,,,
2/2,2020,"2,011,645",,,,,
2/3,2020,"2,123,304",,,,,
2/4,2020,"1,742,605",,,,,
2/5,2020,"1,843,877",,,,,
2/6,2020,"2,167,857",,,,,
2/7,2020,"2,271,551",,,,,
2/8,2020,"1,770,241",,,,,
2/9,2020,"2,224,826",,,,,
2/10,2020,"2,164,951",,,,,
2/11,2020,"1,814,047",,,,,
2/12,2020,"2,038,375",,,,,
2/13,2020,"2,415,185",,,,,
2/14,2020,"2,507,588",,,,,
2/15,2020,"1,972,248",,,,,
2/16,2020,"2,198,657",,,,,
2/17,2020,"2,494,922",,,,,
2/18,2020,"2,190,300",,,,,
2/19,2020,"2,129,862",,,,,
2/20,2020,"2,358,511",,,,,
2/21,2020,"2,429,489",,,,,
2/22,2020,"1,951,535",,,,,
2/23,2020,"2,380,359",,,,,
2/24,2020,"2,267,382",,,,,
2/25,2020,"1,919,803",,,,,
2/26,2020,"2,075,554",,,,,
2/27,2020,"2,364,727",,,,,
2/28,2020,"2,441,643",,,,,
2/29,2020,"1,949,696",,,,,
3/1,2020,"2,353,150",,,,,
3/2,2020,"2,163,067",,,,,
3/3,2020,"1,806,256",,,,,
3/4,2020,"1,953,782",,,,,
3/5,2020,"2,203,821",,,,,
3/6,2020,"2,274,787",,,,,
3/7,2020,"1,913,768",,,,,
3/8,2020,"2,189,961",,,,,
3/9,2020,"1,982,627",,,,,
3/10,2020,"1,686,927",,,,,
3/11,2020,"1,774,150",,,,,
3/12,2020,"1,860,802",,,,,
3/13,2020,"1,785,451",,,,,
3/14,2020,"1,549,429",,,,,
3/15,2020,"1,585,264",,,,,
3/16,2020,"1,325,097",,,,,
3/17,2020,"1,029,164",,,,,
3/18,2020,"847,827",,,,,
3/19,2020,"694,364",,,,,
3/20,2020,"669,314",,,,,
3/21,2020,"608,846",,,,,
3/22,2020,"510,881",,,,,
3/23,2020,"388,154",,,,,
3/24,2020,"330,808",,,,,
3/25,2020,"288,459",,,,,
3/26,2020,"252,039",,,,,
3/27,2020,"244,702",,,,,
3/28,2020,"226,850",,,,,
3/29,2020,"223,165",,,,,
3/30,2020,"197,539",,,,,
3/31,2020,"190,163",,,,,
4/1,2020,"176,239",,,,,
4/2,2020,"160,826",,,,,
4/3,2020,"166,046",,,,,
4/4,2020,"151,716",,,,,
4/5,2020,"156,759",,,,,
4/6,2020,"142,138",,,,,
4/7,2020,"126,847",,,,,
4/8,2020,"123,522",,,,,
4/9,2020,"132,378",,,,,
4/10,2020,"137,131",,,,,
4/11,2020,"119,155",,,,,
4/12,2020,"116,399",,,,,
4/13,2020,"129,582",,,,,
4/14,2020,"113,147",,,,,
4/15,2020,"115,294",,,,,
4/16,2020,"119,067",,,,,
4/17,2020,"130,512",,,,,
4/18,2020,"119,121",,,,,
4/19,2020,"128,831",,,,,
4/20,2020,"123,081",,,,,
4/21,2020,"114,969",,,,,
4/22,2020,"121,886",,,,,
4/23,2020,"135,267",,,,,
4/24,2020,"147,394",,,,,
4/25,2020,"130,319",,,,,
4/26,2020,"151,489",,,,,
4/27,2020,"143,129",,,,,
4/28,2020,"133,570",,,,,
4/29,2020,"142,801",,,,,
4/30,2020,"179,226",,,,,
5/1,2020,"197,509",,,,,
5/2,2020,"154,946",,,,,
5/3,2020,"192,411",,,,,
5/4,2020,"185,877",,,,,
5/5,2020,"149,037",,,,,
5/6,2020,"159,615",,,,,
5/7,2020,"211,459",,,,,
5/8,2020,"236,617",,,,,
5/9,2020,"187,868",,,,,
5/10,2020,"220,928",,,,,
5/11,2020,"236,767",,,,,
5/12,2020,"181,660",,,,,
5/13,2020,"199,090",,,,,
5/14,2020,"256,056",,,,,
5/15,2020,"272,250",,,,,
5/16,2020,"213,026",,,,,
5/17,2020,"276,409",,,,,
5/18,2020,"267,220",,,,,
5/19,2020,"209,801",,,,,
5/20,2020,"251,460",,,,,
5/21,2020,"342,995",,,,,
5/22,2020,"373,069",,,,,
5/23,2020,"273,131",,,,,
5/24,2020,"289,435",,,,,
5/25,2020,"364,592",,,,,
5/26,2020,"286,142",,,,,
5/27,2020,"283,387",,,,,
5/28,2020,"345,958",,,,,
5/29,2020,"352,970",,,,,
5/30,2020,"292,702",,,,,
5/31,2020,"377,409",,,,,
6/1,2020,"379,146",,,,,
6/2,2020,"289,197",,,,,
6/3,2020,"326,891",,,,,
6/4,2020,"418,820",,,,,
6/5,2020,"446,140",,,,,
6/6,2020,"376,823",,,,,
6/7,2020,"468,465",,,,,
6/8,2020,"458,552",,,,,
6/9,2020,"363,854",,,,,
6/10,2020,"413,090",,,,,
6/11,2020,"531,092",,,,,
6/12,2020,"548,394",,,,,
6/13,2020,"463,244",,,,,
6/14,2020,"573,722",,,,,
6/15,2020,"565,170",,,,,
6/16,2020,"444,922",,,,,
6/17,2020,"469,224",,,,,
6/18,2020,"607,355",,,,,
6/19,2020,"618,968",,,,,
6/20,2020,"536,012",,,,,
6/21,2020,"621,523",,,,,
6/22,2020,"639,816",,,,,
6/23,2020,"499,884",,,,,
6/24,2020,"525,061",,,,,
6/25,2020,"655,228",,,,,
6/26,2020,"664,665",,,,,
6/27,2020,"575,227",,,,,
6/28,2020,"662,853",,,,,
6/29,2020,"657,778",,,,,
6/30,2020,"530,448",,,,,
7/1,2020,"659,820",,,,,
7/2,2020,"800,456",,,,,
7/3,2020,"752,884",,,,,
7/4,2020,"495,309",,,,,
7/5,2020,"767,395",,,,,
7/6,2020,"793,785",,,,,
7/7,2020,"678,147",,,,,
7/8,2020,"669,730",,,,,
7/9,2020,"751,153",,,,,
7/10,2020,"752,434",,,,,
7/11,2020,"696,262",,,,,
7/12,2020,"796,350",,,,,
7/13,2020,"738,985",,,,,
7/14,2020,"579,774",,,,,
7/15,2020,"626,707",,,,,
7/16,2020,"747,054",,,,,
7/17,2020,"761,376",,,,,
7/18,2020,"685,084",,,,,
7/19,2020,"788,109",,,,,
7/20,2020,"737,239",,,,,
7/21,2020,"567,459",,,,,
7/22,2020,"609,254",,,,,
7/23,2020,"746,766",,,,,
7/24,2020,"767,540",,,,,
7/25,2020,"687,244",,,,,
7/26,2020,"790,716",,,,,
7/27,2020,"740,892",,,,,
7/28,2020,"573,466",,,,,
7/29,2020,"612,033",,,,,
7/30,2020,"758,065",,,,,
7/31,2020,"810,309",,,,,
8/1,2020,"749,886",,,,,
8/2,2020,"841,585",,,,,
8/3,2020,"781,705",,,,,
8/4,2020,"583,261",,,,,
8/5,2020,"638,378",,,,,
8/6,2020,"787,584",,,,,
8/7,2020,"806,204",,,,,
8/8,2020,"723,834",,,,,
8/9,2020,"875,129",,,,,
8/10,2020,"806,300",,,,,
8/11,2020,"598,854",,,,,
8/12,2020,"630,650",,,,,
8/13,2020,"805,456",,,,,
8/14,2020,"827,588",,,,,
8/15,2020,"730,296",,,,,
8/16,2020,"905,182",,,,,
8/17,2020,"818,133",,,,,
8/18,2020,"604,934",,,,,
8/19,2020,"627,140",,,,,
8/20,2020,"815,710",,,,,
8/21,2020,"808,086",,,,,
8/22,2020,"665,145",,,,,
8/23,2020,"884,572",,,,,
8/24,2020,"771,014",,,,,
8/25,2020,"562,515",,,,,
8/26,2020,"578,447",,,,,
8/27,2020,"766,347",,,,,
8/28,2020,"783,647",,,,,
8/29,2020,"631,636",,,,,
8/30,2020,"850,262",,,,,
8/31,2020,"756,726",,,,,
9/1,2020,"554,679",,,,,
9/2,2020,"617,448",,,,,
9/3,2020,"920,650",,,,,
9/4,2020,"1,011,740",,,,,
9/5,2020,"700,693",,,,,
9/6,2020,"730,258",,,,,
9/7,2020,"975,969",,,,,
9/8,2020,"742,411",,,,,
9/9,2020,"654,713",,,,,
9/10,2020,"795,943",,,,,
9/11,2020,"772,564",,,,,
9/12,2020,"650,936",,,,,
9/13,2020,"850,789",,,,,
9/14,2020,"770,933",,,,,
9/15,2020,"557,373",,,,,
9/16,2020,"614,309",,,,,
9/17,2020,"827,439",,,,,
9/18,2020,"853,578",,,,,
9/19,2020,"676,079",,,,,
9/20,2020,"888,597",,,,,
9/21,2020,"812,782",,,,,
9/22,2020,"586,414",,,,,
9/23,2020,"645,143",,,,,
9/24,2020,"868,664",,,,,
9/25,2020,"887,865",,,,,
9/26,2020,"695,777",,,,,
9/27,2020,"912,853",,,,,
9/28,2020,"839,120",,,,,
9/29,2020,"605,277",,,,,
9/30,2020,"673,484",,,,,
10/1,2020,"898,999",,,,,
10/2,2020,"899,602",,,,,
10/3,2020,"713,537",,,,,
10/4,2020,"940,229",,,,,
10/5,2020,"857,900",,,,,
10/6,2020,"624,953",,,,,
10/7,2020,"705,110",,,,,
10/8,2020,"979,780",,,,,
10/9,2020,"1,012,171",,,,,
10/10,2020,"807,471",,,,,
10/11,2020,"1,025,511",,,,,
10/12,2020,"1,000,148",,,,,
10/13,2020,"716,582",,,,,
10/14,2020,"755,121",,,,,
10/15,2020,"993,602",,,,,
10/16,2020,"1,015,559",,,,,
10/17,2020,"827,049",,,,,
10/18,2020,"1,073,202",,,,,
10/19,2020,"963,188",,,,,
10/20,2020,"699,330",,,,,
10/21,2020,"732,146",,,,,
10/22,2020,"978,486",,,,,
10/23,2020,"1,002,285",,,,,
10/24,2020,"795,028",,,,,
10/25,2020,"1,024,734",,,,,
10/26,2020,"940,208",,,,,
10/27,2020,"684,389",,,,,
10/28,2020,"705,190",,,,,
10/29,2020,"914,353",,,,,
10/30,2020,"934,827",,,,,
10/31,2020,"652,126",,,,,
11/1,2020,"978,012",,,,,
11/2,2020,"885,858",,,,,
11/3,2020,"610,286",,,,,
11/4,2020,"673,086",,,,,
11/5,2020,"906,892",,,,,
11/6,2020,"937,619",,,,,
11/7,2020,"728,410",,,,,
11/8,2020,"1,018,164",,,,,
11/9,2020,"880,911",,,,,
11/10,2020,"634,852",,,,,
11/11,2020,"713,636",,,,,
11/12,2020,"912,775",,,,,
11/13,2020,"926,908",,,,,
11/14,2020,"737,242",,,,,
11/15,2020,"1,024,079",,,,,
11/16,2020,"888,924",,,,,
11/17,2020,"613,745",,,,,
11/18,2020,"704,044",,,,,
11/19,2020,"909,515",,,,,
11/20,2020,"1,027,055",,,,,
11/21,2020,"987,446",,,,,
11/22,2020,"1,049,921",,,,,
11/23,2020,"919,387",,,,,
11/24,2020,"959,178",,,,,
11/25,2020,"1,074,824",,,,,
11/26,2020,"562,697",,,,,
11/27,2020,"821,789",,,,,
11/28,2020,"966,412",,,,,
11/29,2020,"1,179,933",,,,,
11/30,2020,"986,538",,,,,
12/1,2020,"783,563",,,,,
12/2,2020,"672,765",,,,,
12/3,2020,"779,941",,,,,
12/4,2020,"795,221",,,,,
12/5,2020,"669,579",,,,,
12/6,2020,"878,711",,,,,
12/7,2020,"745,818",,,,,
12/8,2020,"537,445",,,,,
12/9,2020,"601,319",,,,,
12/10,2020,"795,786",,,,,
12/11,2020,"831,174",,,,,
12/12,2020,"702,110",,,,,
12/13,2020,"906,851",,,,,
12/14,2020,"794,950",,,,,
12/15,2020,"617,134",,,,,
12/16,2020,"679,523",,,,,
12/17,2020,"901,503",,,,,
12/18,2020,"1,121,876",,,,,
12/19,2020,"1,121,855",,,,,
12/20,2020,"1,111,609",,,,,
12/21,2020,"1,002,953",,,,,
12/22,2020,"1,043,366",,,,,
12/23,2020,"1,244,556",,,,,
12/24,2020,"885,065",,,,,
12/25,2020,"683,838",,,,,
12/26,2020,"1,181,793",,,,,
12/27,2020,"1,334,030",,,,,
12/28,2020,"1,161,059",,,,,
12/29,2020,"1,069,787",,,,,
12/30,2020,"1,215,423",,,,,
12/31,2020,"914,456",,,,,
1/1,2021,"849,514",,,,,
1/2,2021,"1,246,953",,,,,
1/3,2021,"1,381,448",,,,,
1/4,2021,"1,130,546",,,,,
1/5,2021,"807,837",,,,,
1/6,2021,"705,249",,,,,
1/7,2021,"814,928",,,,,
1/8,2021,"816,271",,,,,
1/9,2021,"750,419",,,,,
1/10,2021,"929,661",,,,,
1/11,2021,"750,407",,,,,
1/12,2021,"557,517",,,,,
1/13,2021,"605,887",,,,,
1/14,2021,"848,662",,,,,
1/15,2021,"945,703",,,,,
1/16,2021,"729,703",,,,,
1/17,2021,"852,305",,,,,
1/18,2021,"921,897",,,,,
1/19,2021,"597,159",,,,,
1/20,2021,"581,771",,,,,
1/21,2021,"772,086",,,,,
1/22,2021,"799,000",,,,,
1/23,2021,"644,793",,,,,
1/24,2021,"882,180",,,,,
1/25,2021,"744,876",,,,,
1/26,2021,"508,467",,,,,
1/27,2021,"574,099",,,,,
1/28,2021,"794,944",,,,,
1/29,2021,"818,691",,,,,
1/30,2021,"656,800",,,,,
1/31,2021,"903,496",,,,,
2/1,2021,"671,916",,,,,
2/2,2021,"532,690",,,,,
2/3,2021,"619,345",,,,,
2/4,2021,"822,488",,,,,
2/5,2021,"876,937",,,,,
2/6,2021,"707,510",,,,,
2/7,2021,"854,869",,,,,
2/8,2021,"867,476",,,,,
2/9,2021,"617,701",,,,,
2/10,2021,"735,556",,,,,
2/11,2021,"1,036,723",,,,,
2/12,2021,"1,155,618",,,,,
2/13,2021,"902,559",,,,,
2/14,2021,"950,106",,,,,
2/15,2021,"972,683",,,,,
2/16,2021,"742,396",,,,,
2/17,2021,"774,699",,,,,
2/18,2021,"915,532",,,,,
2/19,2021,"1,062,561",,,,,
2/20,2021,"943,723",,,,,
2/21,2021,"1,119,216",,,,,
2/22,2021,"964,168",,,,,
2/23,2021,"717,867",,,,,
2/24,2021,"804,473",,,,,
2/25,2021,"1,054,777",,,,,
2/26,2021,"1,097,941",,,,,
2/27,2021,"919,593",,,,,
2/28,2021,"1,192,326",,,,,
2/29,2021,null,,,,,
3/1,2021,"1,049,769",,,,,
3/2,2021,"744,939",,,,,
3/3,2021,"826,947",,,,,
3/4,2021,"1,107,943",,,,,
3/5,2021,"1,169,237",,,,,
3/6,2021,"994,275",,,,,
3/7,2021,"1,278,653",,,,,
3/8,2021,"1,119,372",,,,,
3/9,2021,"826,091",,,,,
3/10,2021,"974,236",,,,,
3/11,2021,"1,287,040",,,,,
3/12,2021,"1,410,170",,,,,
3/13,2021,"1,228,317",,,,,
3/14,2021,"1,347,204",,,,,
3/15,2021,"1,268,273",,,,,
3/16,2021,"1,092,791",,,,,
3/17,2021,"1,146,638",,,,,
3/18,2021,"1,413,414",,,,,
3/19,2021,"1,478,042",,,,,
3/20,2021,"1,375,030",,,,,
3/21,2021,"1,556,471",,,,,
3/22,2021,"1,364,921",,,,,
3/23,2021,"1,090,056",,,,,
3/24,2021,"1,177,731",,,,,
3/25,2021,"1,449,187",,,,,
3/26,2021,"1,536,966",,,,,
3/27,2021,"1,413,260",,,,,
3/28,2021,"1,580,233",,,,,
3/29,2021,"1,415,144",,,,,
3/30,2021,"1,139,738",,,,,
3/31,2021,"1,282,646",,,,,
4/1,2021,"1,567,562",,,,,
4/2,2021,"1,588,784",,,,,
4/3,2021,"1,404,433",,,,,
4/4,2021,"1,548,893",,,,,
4/5,2021,"1,569,756",,,,,
4/6,2021,"1,200,572",,,,,
4/7,2021,"1,234,454",,,,,
4/8,2021,"1,515,715",,,,,
4/9,2021,"1,555,811",,,,,
4/10,2021,"1,382,954",,,,,
4/11,2021,"1,567,936",,,,,
4/12,2021,"1,473,015",,,,,
4/13,2021,"1,093,419",,,,,
4/14,2021,"1,154,820",,,,,
4/15,2021,"1,496,171",,,,,
4/16,2021,"1,526,424",,,,,
4/17,2021,"1,282,409",,,,,
4/18,2021,"1,574,791",,,,,
4/19,2021,"1,419,700",,,,,
4/20,2021,"1,087,776",,,,,
4/21,2021,"1,167,282",,,,,
4/22,2021,"1,512,553",,,,,
4/23,2021,"1,529,078",,,,,
4/24,2021,"1,267,678",,,,,
4/25,2021,"1,573,593",,,,,
4/26,2021,"1,427,079",,,,,
4/27,2021,"1,083,183",,,,,
4/28,2021,"1,187,046",,,,,
4/29,2021,"1,528,980",,,,,
4/30,2021,"1,565,558",,,,,
5/1,2021,"1,340,793",,,,,
5/2,2021,"1,630,261",,,,,
5/3,2021,"1,470,213",,,,,
5/4,2021,"1,140,584",,,,,
5/5,2021,"1,272,679",,,,,
5/6,2021,"1,647,819",,,,,
5/7,2021,"1,705,282",,,,,
5/8,2021,"1,439,280",,,,,
5/9,2021,"1,711,460",,,,,
5/10,2021,"1,663,855",,,,,
5/11,2021,"1,320,930",,,,,
5/12,2021,"1,434,435",,,,,
5/13,2021,"1,749,910",,,,,
5/14,2021,"1,790,431",,,,,
5/15,2021,"1,520,878",,,,,
5/16,2021,"1,859,924",,,,,
5/17,2021,"1,742,325",,,,,
5/18,2021,"1,414,076",,,,,
5/19,2021,"1,500,713",,,,,
5/20,2021,"1,796,354",,,,,
5/21,2021,"1,833,181",,,,,
5/22,2021,"1,558,549",,,,,
5/23,2021,"1,874,277",,,,,
5/24,2021,"1,752,297",,,,,
5/25,2021,"1,478,917",,,,,
5/26,2021,"1,627,422",,,,,
5/27,2021,"1,867,067",,,,,
5/28,2021,"1,969,075",,,,,
5/29,2021,"1,614,785",,,,,
5/30,2021,"1,662,359",,,,,
5/31,2021,"1,910,828",,,,,
6/1,2021,"1,694,578",,,,,
6/2,2021,"1,598,873",,,,,
6/3,2021,"1,823,395",,,,,
6/4,2021,"1,896,190",,,,,
6/5,2021,"1,686,932",,,,,
6/6,2021,"1,993,494",,,,,
6/7,2021,"1,837,383",,,,,
6/8,2021,"1,574,822",,,,,
6/9,2021,"1,684,912",,,,,
6/10,2021,"1,985,698",,,,,
6/11,2021,"2,044,087",,,,,
6/12,2021,"1,818,203",,,,,
6/13,2021,"2,104,681",,,,,
6/14,2021,"1,978,110",,,,,
6/15,2021,"1,701,213",,,,,
6/16,2021,"1,805,340",,,,,
6/17,2021,"2,047,190",,,,,
6/18,2021,"2,099,797",,,,,
6/19,2021,"1,886,401",,,,,
6/20,2021,"2,107,997",,,,,
6/21,2021,"2,036,775",,,,,
6/22,2021,"1,800,947",,,,,
6/23,2021,"1,866,027",,,,,
6/24,2021,"2,095,773",,,,,
6/25,2021,"2,147,042",,,,,
6/26,2021,"1,925,933",,,,,
6/27,2021,"2,181,055",,,,,
6/28,2021,"2,073,847",,,,,
6/29,2021,"1,820,725",,,,,
6/30,2021,"1,937,606",,,,,
7/1,2021,"2,152,087",,,,,
7/2,2021,"2,205,102",,,,,
7/3,2021,"1,918,985",,,,,
7/4,2021,"1,697,422",,,,,
7/5,2021,"2,167,826",,,,,
7/6,2021,"1,896,755",,,,,
7/7,2021,"1,891,781",,,,,
7/8,2021,"2,102,632",,,,,
7/9,2021,"2,158,137",,,,,
7/10,2021,"1,993,017",,,,,
7/11,2021,"2,211,451",,,,,
7/12,2021,"2,100,231",,,,,
7/13,2021,"1,840,503",,,,,
7/14,2021,"1,919,907",,,,,
7/15,2021,"2,162,549",,,,,
7/16,2021,"2,216,363",,,,,
7/17,2021,"1,992,789",,,,,
7/18,2021,"2,248,801",,,,,
7/19,2021,"2,147,951",,,,,
7/20,2021,"1,882,824",,,,,
7/21,2021,"1,947,336",,,,,
7/22,2021,"2,177,183",,,,,
7/23,2021,"2,232,628",,,,,
7/24,2021,"2,009,417",,,,,
7/25,2021,"2,247,129",,,,,
7/26,2021,"2,135,322",,,,,
7/27,2021,"1,872,237",,,,,
7/28,2021,"1,942,685",,,,,
7/29,2021,"2,138,113",,,,,
7/30,2021,"2,209,522",,,,,
7/31,2021,"2,017,941",,,,,
8/1,2021,"2,248,894",,,,,
8/2,2021,"2,104,204",,,,,
8/3,2021,"1,811,428",,,,,
8/4,2021,"1,867,373",,,,,
8/5,2021,"2,079,440",,,,,
8/6,2021,"2,116,970",,,,,
8/7,2021,"1,927,576",,,,,
8/8,2021,"2,183,576",,,,,
8/9,2021,"2,032,871",,,,,
8/10,2021,"1,737,189",,,,,
8/11,2021,"1,778,638",,,,,
8/12,2021,"2,053,398",,,,,
8/13,2021,"2,071,913",,,,,
8/14,2021,"1,818,071",,,,,
8/15,2021,"2,123,872",,,,,
8/16,2021,"1,984,827",,,,,
8/17,2021,"1,612,933",,,,,
8/18,2021,"1,698,840",,,,,
8/19,2021,"1,951,656",,,,,
8/20,2021,"1,992,705",,,,,
8/21,2021,"1,687,357",,,,,
8/22,2021,"1,966,708",,,,,
8/23,2021,"1,830,076",,,,,
8/24,2021,"1,474,442",,,,,
8/25,2021,"1,548,018",,,,,
8/26,2021,"1,829,300",,,,,
8/27,2021,"1,859,603",,,,,
8/28,2021,"1,515,791",,,,,
8/29,2021,"1,904,152",,,,,
8/30,2021,"1,641,333",,,,,
8/31,2021,"1,351,765",,,,,
9/1,2021,"1,473,895",,,,,
9/2,2021,"1,913,865",,,,,
9/3,2021,"2,137,114",,,,,
9/4,2021,"1,561,225",,,,,
9/5,2021,"1,633,547",,,,,
9/6,2021,"2,034,282",,,,,
9/7,2021,"1,666,629",,,,,
9/8,2021,"1,450,281",,,,,
9/9,2021,"1,690,239",,,,,
9/10,2021,"1,797,588",,,,,
9/11,2021,"1,369,377",,,,,
9/12,2021,"1,970,138",,,,,
9/13,2021,"1,673,501",,,,,
9/14,2021,"1,276,190",,,,,
9/15,2021,"1,457,026",,,,,
9/16,2021,"1,858,720",,,,,
9/17,2021,"1,948,844",,,,,
9/18,2021,"1,483,305",,,,,
9/19,2021,"2,083,726",,,,,
9/20,2021,"1,824,666",,,,,
9/21,2021,"1,340,357",,,,,
9/22,2021,"1,466,926",,,,,
9/23,2021,"1,910,871",,,,,
9/24,2021,"2,026,013",,,,,
9/25,2021,"1,529,298",,,,,
9/26,2021,"2,105,417",,,,,
9/27,2021,"1,851,991",,,,,
9/28,2021,"1,336,835",,,,,
9/29,2021,"1,453,368",,,,,
9/30,2021,"1,937,665",,,,,
10/1,2021,"2,019,716",,,,,
10/2,2021,"1,538,107",,,,,
10/3,2021,"2,103,061",,,,,
10/4,2021,"1,846,687",,,,,
10/5,2021,"1,394,280",,,,,
10/6,2021,"1,576,263",,,,,
10/7,2021,"2,068,329",,,,,
10/8,2021,"2,178,818",,,,,
10/9,2021,"1,734,033",,,,,
10/10,2021,"2,087,077",,,,,
10/11,2021,"2,090,755",,,,,
10/12,2021,"1,702,427",,,,,
10/13,2021,"1,659,052",,,,,
10/14,2021,"2,053,322",,,,,
10/15,2021,"2,116,988",,,,,
10/16,2021,"1,706,852",,,,,
10/17,2021,"2,220,642",,,,,
10/18,2021,"2,003,439",,,,,
10/19,2021,"1,525,074",,,,,
10/20,2021,"1,652,011",,,,,
10/21,2021,"2,052,193",,,,,
10/22,2021,"2,119,017",,,,,
10/23,2021,"1,684,418",,,,,
10/24,2021,"2,180,380",,,,,
10/25,2021,"1,994,218",,,,,
10/26,2021,"1,509,452",,,,,
10/27,2021,"1,553,733",,,,,
10/28,2021,"1,930,016",,,,,
10/29,2021,"1,989,947",,,,,
10/30,2021,"1,518,998",,,,,
10/31,2021,"1,850,278",,,,,
11/1,2021,"2,001,864",,,,,
11/2,2021,"1,492,468",,,,,
11/3,2021,"1,533,093",,,,,
11/4,2021,"1,947,471",,,,,
11/5,2021,"2,042,336",,,,,
11/6,2021,"1,584,913",,,,,
11/7,2021,"2,155,649",,,,,
11/8,2021,"1,959,106",,,,,
11/9,2021,"1,459,203",,,,,
11/10,2021,"1,702,552",,,,,
11/11,2021,"2,070,980",,,,,
11/12,2021,"2,008,291",,,,,
11/13,2021,"1,618,028",,,,,
11/14,2021,"2,215,702",,,,,
11/15,2021,"2,022,347",,,,,
11/16,2021,"1,494,701",,,,,
11/17,2021,"1,634,212",,,,,
11/18,2021,"2,044,622",,,,,
11/19,2021,"2,248,096",,,,,
11/20,2021,"2,008,922",,,,,
11/21,2021,"2,216,940",,,,,
11/22,2021,"2,087,536",,,,,
11/23,2021,"2,217,635",,,,,
11/24,2021,"2,331,880",,,,,
11/25,2021,"1,383,501",,,,,
11/26,2021,"1,783,938",,,,,
11/27,2021,"2,219,149",,,,,
11/28,2021,"2,458,325",,,,,
11/29,2021,"2,240,556",,,,,
11/30,2021,"1,818,492",,,,,
12/1,2021,"1,669,185",,,,,
12/2,2021,"1,874,481",,,,,
12/3,2021,"1,956,238",,,,,
12/4,2021,"1,571,068",,,,,
12/5,2021,"2,071,647",,,,,
12/6,2021,"1,853,893",,,,,
12/7,2021,"1,465,585",,,,,
12/8,2021,"1,621,499",,,,,
12/9,2021,"1,969,493",,,,,
12/10,2021,"2,053,444",,,,,
12/11,2021,"1,671,592",,,,,
12/12,2021,"2,107,361",,,,,
12/13,2021,"1,919,994",,,,,
12/14,2021,"1,590,394",,,,,
12/15,2021,"1,769,605",,,,,
12/16,2021,"2,137,354",,,,,
12/17,2021,"2,235,581",,,,,
12/18,2021,"2,040,879",,,,,
12/19,2021,"2,184,906",,,,,
12/20,2021,"2,099,852",,,,,
12/21,2021,"1,996,071",,,,,
12/22,2021,"2,106,209",,,,,
12/23,2021,"2,197,896",,,,,
12/24,2021,"1,713,351",,,,,
12/25,2021,"1,535,935",,,,,
12/26,2021,"2,074,458",,,,,
12/27,2021,"2,093,615",,,,,
12/28,2021,"2,000,891",,,,,
12/29,2021,"2,029,343",,,,,
12/30,2021,"2,069,413",,,,,
12/31,2021,"1,658,357",,,,,
1/1,2022,"1,616,850",,,,,
1/2,2022,"2,026,176",,,,,
1/3,2022,"1,921,966",,,,,
1/4,2022,"1,673,499",,,,,
1/5,2022,"1,501,170",,,,,
1/6,2022,"1,543,985",,,,,
1/7,2022,"1,518,098",,,,,
1/8,2022,"1,450,135",,,,,
1/9,2022,"1,706,857",,,,,
1/10,2022,"1,453,110",,,,,
1/11,2022,"1,129,725",,,,,
1/12,2022,"1,234,827",,,,,
1/13,2022,"1,543,648",,,,,
1/14,2022,"1,741,376",,,,,
1/15,2022,"1,421,612",,,,,
1/16,2022,"1,438,492",,,,,
1/17,2022,"1,704,328",,,,,
1/18,2022,"1,301,256",,,,,
1/19,2022,"1,201,589",,,,,
1/20,2022,"1,470,973",,,,,
1/21,2022,"1,514,895",,,,,
1/22,2022,"1,246,901",,,,,
1/23,2022,"1,649,090",,,,,
1/24,2022,"1,399,342",,,,,
1/25,2022,"1,063,856",,,,,
1/26,2022,"1,200,998",,,,,
1/27,2022,"1,560,893",,,,,
1/28,2022,"1,634,225",,,,,
1/29,2022,"1,070,815",,,,,
1/30,2022,"1,716,055",,,,,
1/31,2022,"1,539,356",,,,,
2/1,2022,"1,203,689",,,,,
2/2,2022,"1,196,728",,,,,
2/3,2022,"1,342,502",,,,,
2/4,2022,"1,583,678",,,,,
2/5,2022,"1,399,603",,,,,
2/6,2022,"1,786,681",,,,,
2/7,2022,"1,592,651",,,,,
2/8,2022,"1,239,137",,,,,
2/9,2022,"1,390,835",,,,,
2/10,2022,"1,786,323",,,,,
2/11,2022,"1,918,436",,,,,
2/12,2022,"1,538,874",,,,,
2/13,2022,"1,821,279",,,,,
2/14,2022,"1,737,532",,,,,
2/15,2022,"1,541,222",,,,,
2/16,2022,"1,670,550",,,,,
2/17,2022,"1,986,581",,,,,
2/18,2022,"2,244,042",,,,,
2/19,2022,"1,826,833",,,,,
2/20,2022,"2,068,827",,,,,
2/21,2022,"2,222,002",,,,,
2/22,2022,"1,785,417",,,,,
2/23,2022,"1,755,527",,,,,
2/24,2022,"1,988,432",,,,,
2/25,2022,"2,104,233",,,,,
2/26,2022,"1,842,536",,,,,
2/27,2022,"2,150,118",,,,,
2/28,2022,"1,984,773",,,,,
2/29,2022,null,,,,,
3/1,2022,"1,638,699",,,,,
3/2,2022,"1,740,923",,,,,
3/3,2022,"2,053,525",,,,,
3/4,2022,"2,139,036",,,,,
3/5,2022,"1,831,741",,,,,
3/6,2022,"2,184,096",,,,,
3/7,2022,"2,019,553",,,,,
3/8,2022,"1,657,723",,,,,
3/9,2022,"1,850,986",,,,,
3/10,2022,"2,185,904",,,,,
3/11,2022,"2,299,583",,,,,
3/12,2022,"1,998,129",,,,,
3/13,2022,"2,293,374",,,,,
3/14,2022,"2,203,639",,,,,
3/15,2022,"1,870,647",,,,,
3/16,2022,"2,000,210",,,,,
3/17,2022,"2,231,375",,,,,
3/18,2022,"2,319,876",,,,,
3/19,2022,"2,108,715",,,,,
3/20,2022,"2,379,182",,,,,
3/21,2022,"2,177,240",,,,,
3/22,2022,"1,859,077",,,,,
3/23,2022,"1,971,979",,,,,
3/24,2022,"2,255,090",,,,,
3/25,2022,"2,304,825",,,,,
3/26,2022,"2,022,231",,,,,
3/27,2022,"2,313,481",,,,,
3/28,2022,"2,141,002",,,,,
3/29,2022,"1,747,597",,,,,
3/30,2022,"1,887,509",,,,,
3/31,2022,"2,219,675",,,,,
4/1,2022,"2,287,653",,,,,
4/2,2022,"1,922,516",,,,,
4/3,2022,"2,206,569",,,,,
4/4,2022,"2,141,153",,,,,
4/5,2022,"1,850,647",,,,,
4/6,2022,"1,982,006",,,,,
4/7,2022,"2,227,151",,,,,
4/8,2022,"2,327,849",,,,,
4/9,2022,"1,959,523",,,,,
4/10,2022,"2,300,909",,,,,
4/11,2022,"2,188,196",,,,,
4/12,2022,"1,883,285",,,,,
4/13,2022,"2,053,892",,,,,
4/14,2022,"2,354,474",,,,,
4/15,2022,"2,315,430",,,,,
4/16,2022,"1,903,886",,,,,
4/17,2022,"2,214,376",,,,,
4/18,2022,"2,292,729",,,,,
4/19,2022,"1,988,681",,,,,
4/20,2022,"2,034,403",,,,,
4/21,2022,"2,288,508",,,,,
4/22,2022,"2,309,474",,,,,
4/23,2022,"1,915,707",,,,,
4/24,2022,"2,298,561",,,,,
4/25,2022,"2,189,296",,,,,
4/26,2022,"1,870,392",,,,,
4/27,2022,"1,999,806",,,,,
4/28,2022,"2,267,171",,,,,
4/29,2022,"2,286,852",,,,,
4/30,2022,"1,885,701",,,,,
5/1,2022,"2,279,287",,,,,
5/2,2022,"2,146,993",,,,,
5/3,2022,"1,827,782",,,,,
5/4,2022,"1,962,832",,,,,
5/5,2022,"2,240,816",,,,,
5/6,2022,"2,292,080",,,,,
5/7,2022,"1,884,883",,,,,
5/8,2022,"2,255,547",,,,,
5/9,2022,"2,244,645",,,,,
5/10,2022,"1,908,906",,,,,
5/11,2022,"2,030,630",,,,,
5/12,2022,"2,337,876",,,,,
5/13,2022,"2,358,444",,,,,
5/14,2022,"1,984,654",,,,,
5/15,2022,"2,399,801",,,,,
5/16,2022,"2,282,944",,,,,
5/17,2022,"2,042,144",,,,,
5/18,2022,"2,117,010",,,,,
5/19,2022,"2,366,865",,,,,
5/20,2022,"2,356,404",,,,,
5/21,2022,"1,999,651",,,,,
5/22,2022,"2,364,240",,,,,
5/23,2022,"2,339,945",,,,,
5/24,2022,"2,034,843",,,,,
5/25,2022,"2,165,771",,,,,
5/26,2022,"2,399,579",,,,,
5/27,2022,"2,397,928",,,,,
5/28,2022,"2,000,335",,,,,
5/29,2022,"2,103,022",,,,,
5/30,2022,"2,319,237",,,,,
5/31,2022,"2,114,935",,,,,
6/1,2022,"2,023,231",,,,,
6/2,2022,"2,228,271",,,,,
6/3,2022,"2,347,283",,,,,
6/4,2022,"1,992,251",,,,,
6/5,2022,"2,396,442",,,,,
6/6,2022,"2,286,429",,,,,
6/7,2022,"2,067,274",,,,,
6/8,2022,"2,175,579",,,,,
6/9,2022,"2,396,538",,,,,
6/10,2022,"2,443,671",,,,,
6/11,2022,"2,153,865",,,,,
6/12,2022,"2,456,971",,,,,
6/13,2022,"2,389,152",,,,,
6/14,2022,"2,139,865",,,,,
6/15,2022,"2,238,873",,,,,
6/16,2022,"2,387,496",,,,,
6/17,2022,"2,454,485",,,,,
6/18,2022,"2,186,387",,,,,
6/19,2022,"2,398,687",,,,,
6/20,2022,"2,431,925",,,,,
6/21,2022,"2,158,912",,,,,
6/22,2022,"2,197,876",,,,,
6/23,2022,"2,453,936",,,,,
6/24,2022,"2,471,808",,,,,
6/25,2022,"2,198,435",,,,,
6/26,2022,"2,469,720",,,,,
6/27,2022,"2,374,892",,,,,
6/28,2022,"2,147,125",,,,,
6/29,2022,"2,237,932",,,,,
6/30,2022,"2,455,588",,,,,
7/1,2022,"2,501,366",,,,,
7/2,2022,"2,169,068",,,,,
7/3,2022,"2,102,878",,,,,
7/4,2022,"2,086,854",,,,,
7/5,2022,"2,209,031",,,,,
7/6,2022,"2,136,035",,,,,
7/7,2022,"2,245,980",,,,,
7/8,2022,"2,288,984",,,,,
7/9,2022,"2,145,996",,,,,
7/10,2022,"2,443,836",,,,,
7/11,2022,"2,318,551",,,,,
7/12,2022,"2,072,335",,,,,
7/13,2022,"2,188,234",,,,,
7/14,2022,"2,402,480",,,,,
7/15,2022,"2,449,536",,,,,
7/16,2022,"2,196,011",,,,,
7/17,2022,"2,453,236",,,,,
7/18,2022,"2,363,728",,,,,
7/19,2022,"2,142,454",,,,,
7/20,2022,"2,226,450",,,,,
7/21,2022,"2,440,027",,,,,
7/22,2022,"2,464,194",,,,,
7/23,2022,"2,190,483",,,,,
7/24,2022,"2,494,885",,,,,
7/25,2022,"2,386,005",,,,,
7/26,2022,"2,146,087",,,,,
7/27,2022,"2,238,047",,,,,
7/28,2022,"2,414,062",,,,,
7/29,2022,"2,464,079",,,,,
7/30,2022,"2,211,091",,,,,
7/31,2022,"2,486,969",,,,,
8/1,2022,"2,373,400",,,,,
8/2,2022,"2,053,497",,,,,
8/3,2022,"2,117,390",,,,,
8/4,2022,"2,360,671",,,,,
8/5,2022,"2,406,372",,,,,
8/6,2022,"2,178,405",,,,,
8/7,2022,"2,438,788",,,,,
8/8,2022,"2,340,305",,,,,
8/9,2022,"2,049,473",,,,,
8/10,2022,"2,112,967",,,,,
8/11,2022,"2,340,082",,,,,
8/12,2022,"2,361,142",,,,,
8/13,2022,"2,058,033",,,,,
8/14,2022,"2,360,307",,,,,
8/15,2022,"2,276,507",,,,,
8/16,2022,"2,016,730",,,,,
8/17,2022,"2,051,652",,,,,
8/18,2022,"2,335,005",,,,,
8/19,2022,"2,358,565",,,,,
8/20,2022,"2,014,843",,,,,
8/21,2022,"2,348,153",,,,,
8/22,2022,"2,260,555",,,,,
8/23,2022,"1,960,482",,,,,
8/24,2022,"1,997,252",,,,,
8/25,2022,"2,263,665",,,,,
8/26,2022,"2,284,831",,,,,
8/27,2022,"1,888,903",,,,,
8/28,2022,"2,319,869",,,,,
8/29,2022,"2,100,205",,,,,
8/30,2022,"1,768,473",,,,,
8/31,2022,"2,009,736",,,,,
9/1,2022,"2,324,033",,,,,
9/2,2022,"2,479,578",,,,,
9/3,2022,"1,903,950",,,,,
9/4,2022,"1,979,923",,,,,
9/5,2022,"2,409,938",,,,,
9/6,2022,"2,088,456",,,,,
9/7,2022,"1,835,889",,,,,
9/8,2022,"2,120,200",,,,,
9/9,2022,"2,224,222",,,,,
9/10,2022,"1,828,963",,,,,
9/11,2022,"2,340,559",,,,,
9/12,2022,"2,230,866",,,,,
9/13,2022,"1,816,435",,,,,
9/14,2022,"1,976,151",,,,,
9/15,2022,"2,357,970",,,,,
9/16,2022,"2,375,510",,,,,
9/17,2022,"1,888,228",,,,,
9/18,2022,"2,349,493",,,,,
9/19,2022,"2,227,301",,,,,
9/20,2022,"1,898,568",,,,,
9/21,2022,"1,960,592",,,,,
9/22,2022,"2,335,489",,,,,
9/23,2022,"2,405,872",,,,,
9/24,2022,"1,914,884",,,,,
9/25,2022,"2,362,292",,,,,
9/26,2022,"2,229,901",,,,,
9/27,2022,"1,842,212",,,,,
9/28,2022,"1,724,121",,,,,
9/29,2022,"2,000,766",,,,,
9/30,2022,"2,143,343",,,,,
10/1,2022,"1,868,495",,,,,
10/2,2022,"2,279,898",,,,,
10/3,2022,"2,099,505",,,,,
10/4,2022,"1,802,567",,,,,
10/5,2022,"1,996,446",,,,,
10/6,2022,"2,376,101",,,,,
10/7,2022,"2,473,989",,,,,
10/8,2022,"2,018,002",,,,,
10/9,2022,"2,425,613",,,,,
10/10,2022,"2,330,624",,,,,
10/11,2022,"2,046,661",,,,,
10/12,2022,"2,119,772",,,,,
10/13,2022,"2,413,700",,,,,
10/14,2022,"2,412,403",,,,,
10/15,2022,"2,036,937",,,,,
10/16,2022,"2,475,395",,,,,
10/17,2022,"2,294,755",,,,,
10/18,2022,"2,003,403",,,,,
10/19,2022,"2,110,090",,,,,
10/20,2022,"2,429,402",,,,,
10/21,2022,"2,375,559",,,,,
10/22,2022,"2,005,659",,,,,
10/23,2022,"2,416,107",,,,,
10/24,2022,"2,322,585",,,,,
10/25,2022,"1,981,651",,,,,
10/26,2022,"2,057,463",,,,,
10/27,2022,"2,310,460",,,,,
10/28,2022,"2,312,356",,,,,
10/29,2022,"1,830,454",,,,,
10/30,2022,"2,241,429",,,,,
10/31,2022,"1,925,032",,,,,
11/1,2022,"1,978,549",,,,,
11/2,2022,"1,897,396",,,,,
11/3,2022,"2,253,501",,,,,
11/4,2022,"2,272,855",,,,,
11/5,2022,"1,924,975",,,,,
11/6,2022,"2,396,744",,,,,
11/7,2022,"2,168,053",,,,,
11/8,2022,"1,896,916",,,,,
11/9,2022,"1,945,183",,,,,
11/10,2022,"2,203,214",,,,,
11/11,2022,"2,309,163",,,,,
11/12,2022,"1,945,373",,,,,
11/13,2022,"2,411,406",,,,,
11/14,2022,"2,229,804",,,,,
11/15,2022,"1,892,613",,,,,
11/16,2022,"2,034,880",,,,,
11/17,2022,"2,326,100",,,,,
11/18,2022,"2,458,089",,,,,
11/19,2022,"2,214,717",,,,,
11/20,2022,"2,385,400",,,,,
11/21,2022,"2,201,022",,,,,
11/22,2022,"2,370,351",,,,,
11/23,2022,"2,465,337",,,,,
11/24,2022,"1,426,195",,,,,
11/25,2022,"1,984,980",,,,,
11/26,2022,"2,336,633",,,,,
11/27,2022,"2,639,616",,,,,
11/28,2022,"2,389,672",,,,,
11/29,2022,"1,954,785",,,,,
11/30,2022,"1,893,497",,,,,
12/1,2022,"2,113,719",,,,,
12/2,2022,"2,132,571",,,,,
12/3,2022,"1,788,666",,,,,
12/4,2022,"2,261,227",,,,,
12/5,2022,"2,134,176",,,,,
12/6,2022,"1,752,091",,,,,
12/7,2022,"1,883,346",,,,,
12/8,2022,"2,220,053",,,,,
12/9,2022,"2,295,917",,,,,
12/10,2022,"1,886,068",,,,,
12/11,2022,"2,293,624",,,,,
12/12,2022,"2,167,861",,,,,
12/13,2022,"1,810,814",,,,,
12/14,2022,"1,993,063",,,,,
12/15,2022,"2,298,485",,,,,
12/16,2022,"2,453,178",,,,,
12/17,2022,"2,233,861",,,,,
12/18,2022,"2,357,086",,,,,
12/19,2022,"2,264,761",,,,,
12/20,2022,"2,216,373",,,,,
12/21,2022,"2,428,528",,,,,
12/22,2022,"2,366,608",,,,,
12/23,2022,"2,096,506",,,,,
12/24,2022,"1,834,551",,,,,
12/25,2022,"1,800,463",,,,,
12/26,2022,"2,218,145",,,,,
12/27,2022,"2,178,719",,,,,
12/28,2022,"2,153,682",,,,,
12/29,2022,"2,178,433",,,,,
12/30,2022,"2,383,422",,,,,
12/31,2022,"1,935,413",,,,,
1/1,2023,"2,046,950",,,,,
1/2,2023,"2,368,194",,,,,
1/3,2023,"2,212,528",,,,,
1/4,2023,"1,985,965",,,,,
1/5,2023,"2,031,976",,,,,
1/6,2023,"2,043,547",,,,,
1/7,2023,"1,917,290",,,,,
1/8,2023,"2,226,917",,,,,
1/9,2023,"2,009,868",,,,,
1/10,2023,"1,678,250",,,,,
1/11,2023,"1,723,117",,,,,
1/12,2023,"2,189,475",,,,,
1/13,2023,"2,316,713",,,,,
1/14,2023,"1,803,651",,,,,
1/15,2023,"2,038,119",,,,,
1/16,2023,"2,244,873",,,,,
1/17,2023,"1,803,155",,,,,
1/18,2023,"1,674,129",,,,,
1/19,2023,"1,997,346",,,,,
1/20,2023,"2,089,417",,,,,
1/21,2023,"1,662,736",,,,,
1/22,2023,"2,141,703",,,,,
1/23,2023,"1,970,280",,,,,
1/24,2023,"1,567,069",,,,,
1/25,2023,"1,677,909",,,,,
1/26,2023,"2,097,825",,,,,
1/27,2023,"2,122,066",,,,,
1/28,2023,"1,653,401",,,,,
1/29,2023,"2,144,644",,,,,
1/30,2023,"1,932,983",,,,,
1/31,2023,"1,534,786",,,,,
2/1,2023,"1,608,110",,,,,
2/2,2023,"2,042,277",,,,,
2/3,2023,"2,102,998",,,,,
2/4,2023,"1,669,806",,,,,
2/5,2023,"2,202,873",,,,,
2/6,2023,"2,040,256",,,,,
2/7,2023,"1,626,257",,,,,
2/8,2023,"1,796,332",,,,,
2/9,2023,"2,158,573",,,,,
2/10,2023,"2,254,803",,,,,
2/11,2023,"1,809,116",,,,,
2/12,2023,"2,113,837",,,,,
2/13,2023,"2,073,820",,,,,
2/14,2023,"1,674,639",,,,,
2/15,2023,"2,017,144",,,,,
2/16,2023,"2,339,970",,,,,
2/17,2023,"2,509,923",,,,,
2/18,2023,"2,065,901",,,,,
2/19,2023,"2,319,072",,,,,
2/20,2023,"2,479,184",,,,,
2/21,2023,"2,116,450",,,,,
2/22,2023,"2,006,058",,,,,
2/23,2023,"2,322,309",,,,,
2/24,2023,"2,425,335",,,,,
2/25,2023,"2,057,210",,,,,
2/26,2023,"2,402,716",,,,,
2/27,2023,"2,235,417",,,,,
2/28,2023,"1,890,744",,,,,
2/29,2023,null,,,,,
3/1,2023,"2,066,150",,,,,
3/2,2023,"2,316,735",,,,,
3/3,2023,"2,375,579",,,,,
3/4,2023,"2,040,488",,,,,
3/5,2023,"2,422,425",,,,,
3/6,2023,"2,265,014",,,,,
3/7,2023,"1,908,536",,,,,
3/8,2023,"2,130,141",,,,,
3/9,2023,"2,417,279",,,,,
3/10,2023,"2,562,561",,,,,
3/11,2023,"2,279,320",,,,,
3/12,2023,"2,539,093",,,,,
3/13,2023,"2,393,346",,,,,
3/14,2023,"2,026,905",,,,,
3/15,2023,"2,284,299",,,,,
3/16,2023,"2,483,683",,,,,
3/17,2023,"2,517,226",,,,,
3/18,2023,"2,278,805",,,,,
3/19,2023,"2,608,462",,,,,
3/20,2023,"2,414,648",,,,,
3/21,2023,"2,038,001",,,,,
3/22,2023,"2,203,488",,,,,
3/23,2023,"2,451,051",,,,,
3/24,2023,"2,508,221",,,,,
3/25,2023,"2,208,541",,,,,
3/26,2023,"2,522,600",,,,,
3/27,2023,"2,383,816",,,,,
3/28,2023,"2,039,138",,,,,
3/29,2023,"2,210,676",,,,,
3/30,2023,"2,487,147",,,,,
3/31,2023,"2,536,088",,,,,
4/1,2023,"2,253,892",,,,,
4/2,2023,"2,545,494",,,,,
4/3,2023,"2,404,966",,,,,
4/4,2023,"2,080,546",,,,,
4/5,2023,"2,209,680",,,,,
4/6,2023,"2,532,778",,,,,
4/7,2023,"2,475,896",,,,,
4/8,2023,"2,093,075",,,,,
4/9,2023,"2,387,558",,,,,
4/10,2023,"2,523,060",,,,,
4/11,2023,"2,132,314",,,,,
4/12,2023,"2,168,441",,,,,
4/13,2023,"2,443,213",,,,,
4/14,2023,"2,532,863",,,,,
4/15,2023,"2,150,251",,,,,
4/16,2023,"2,589,787",,,,,
4/17,2023,"2,455,406",,,,,
4/18,2023,"2,070,303",,,,,
4/19,2023,"2,227,164",,,,,
4/20,2023,"2,534,751",,,,,
4/21,2023,"2,585,925",,,,,
4/22,2023,"2,057,354",,,,,
4/23,2023,"2,570,184",,,,,
4/24,2023,"2,425,693",,,,,
4/25,2023,"2,015,155",,,,,
4/26,2023,"2,183,316",,,,,
4/27,2023,"2,522,454",,,,,
4/28,2023,"2,507,149",,,,,
4/29,2023,"2,021,030",,,,,
4/30,2023,"2,517,228",,,,,
5/1,2023,"2,432,660",,,,,
5/2,2023,"1,998,688",,,,,
5/3,2023,"2,167,265",,,,,
5/4,2023,"2,509,080",,,,,
5/5,2023,"2,508,503",,,,,
5/6,2023,"2,043,895",,,,,
5/7,2023,"2,590,391",,,,,
5/8,2023,"2,476,280",,,,,
5/9,2023,"2,089,430",,,,,
5/10,2023,"2,261,499",,,,,
5/11,2023,"2,598,784",,,,,
5/12,2023,"2,605,959",,,,,
5/13,2023,"2,114,178",,,,,
5/14,2023,"2,509,333",,,,,
5/15,2023,"2,597,124",,,,,
5/16,2023,"2,173,966",,,,,
5/17,2023,"2,312,740",,,,,
5/18,2023,"2,641,296",,,,,
5/19,2023,"2,656,058",,,,,
5/20,2023,"2,213,613",,,,,
5/21,2023,"2,673,457",,,,,
5/22,2023,"2,592,466",,,,,
5/23,2023,"2,272,281",,,,,
5/24,2023,"2,435,811",,,,,
5/25,2023,"2,672,648",,,,,
5/26,2023,"2,744,596",,,,,
5/27,2023,"2,206,475",,,,,
5/28,2023,"2,257,797",,,,,
5/29,2023,"2,596,978",,,,,
5/30,2023,"2,349,003",,,,,
5/31,2023,"2,259,502",,,,,
6/1,2023,"2,477,726",,,,,
6/2,2023,"2,534,892",,,,,
6/3,2023,"2,221,890",,,,,
6/4,2023,"2,657,217",,,,,
6/5,2023,"2,560,508",,,,,
6/6,2023,"2,233,160",,,,,
6/7,2023,"2,355,913",,,,,
6/8,2023,"2,641,522",,,,,
6/9,2023,"2,675,115",,,,,
6/10,2023,"2,322,170",,,,,
6/11,2023,"2,732,330",,,,,
6/12,2023,"2,636,399",,,,,
6/13,2023,"2,343,000",,,,,
6/14,2023,"2,465,528",,,,,
6/15,2023,"2,745,743",,,,,
6/16,2023,"2,785,332",,,,,
6/17,2023,"2,436,004",,,,,
6/18,2023,"2,640,349",,,,,
6/19,2023,"2,742,546",,,,,
6/20,2023,"2,449,389",,,,,
6/21,2023,"2,502,239",,,,,
6/22,2023,"2,737,829",,,,,
6/23,2023,"2,771,672",,,,,
6/24,2023,"2,456,148",,,,,
6/25,2023,"2,769,270",,,,,
6/26,2023,"2,687,481",,,,,
6/27,2023,"2,391,503",,,,,
6/28,2023,"2,539,399",,,,,
6/29,2023,"2,759,141",,,,,
6/30,2023,"2,884,783",,,,,
7/1,2023,"2,588,334",,,,,
7/2,2023,"2,529,730",,,,,
7/3,2023,"2,288,645",,,,,
7/4,2023,"2,007,441",,,,,
7/5,2023,"2,492,923",,,,,
7/6,2023,"2,540,237",,,,,
7/7,2023,"2,555,001",,,,,
7/8,2023,"2,431,155",,,,,
7/9,2023,"2,644,639",,,,,
7/10,2023,"2,688,266",,,,,
7/11,2023,"2,382,030",,,,,
7/12,2023,"2,458,378",,,,,
7/13,2023,"2,726,021",,,,,
7/14,2023,"2,738,461",,,,,
7/15,2023,"2,486,503",,,,,
7/16,2023,"2,741,762",,,,,
7/17,2023,"2,747,357",,,,,
7/18,2023,"2,410,972",,,,,
7/19,2023,"2,519,328",,,,,
7/20,2023,"2,754,386",,,,,
7/21,2023,"2,782,146",,,,,
7/22,2023,"2,485,646",,,,,
7/23,2023,"2,800,368",,,,,
7/24,2023,"2,695,657",,,,,
7/25,2023,"2,358,536",,,,,
7/26,2023,"2,510,210",,,,,
7/27,2023,"2,724,438",,,,,
7/28,2023,"2,787,676",,,,,
7/29,2023,"2,457,943",,,,,
7/30,2023,"2,815,068",,,,,
7/31,2023,"2,697,794",,,,,
8/1,2023,"2,370,591",,,,,
8/2,2023,"2,431,864",,,,,
8/3,2023,"2,671,674",,,,,
8/4,2023,"2,690,858",,,,,
8/5,2023,"2,403,611",,,,,
8/6,2023,"2,743,779",,,,,
8/7,2023,"2,602,015",,,,,
8/8,2023,"2,387,917",,,,,
8/9,2023,"2,407,319",,,,,
8/10,2023,"2,654,716",,,,,
8/11,2023,"2,648,556",,,,,
8/12,2023,"2,322,724",,,,,
8/13,2023,"2,684,914",,,,,
8/14,2023,"2,548,291",,,,,
8/15,2023,"2,266,285",,,,,
8/16,2023,"2,298,936",,,,,
8/17,2023,"2,599,098",,,,,
8/18,2023,"2,601,291",,,,,
8/19,2023,"2,252,655",,,,,
8/20,2023,"2,535,369",,,,,
8/21,2023,"2,487,458",,,,,
8/22,2023,"2,101,467",,,,,
8/23,2023,"2,169,394",,,,,
8/24,2023,"2,501,995",,,,,
8/25,2023,"2,509,342",,,,,
8/26,2023,"2,063,356",,,,,
8/27,2023,"2,538,318",,,,,
8/28,2023,"2,349,783",,,,,
8/29,2023,"1,888,361",,,,,
8/30,2023,"2,014,332",,,,,
8/31,2023,"2,619,753",,,,,
9/1,2023,"2,742,962",,,,,
9/2,2023,"2,090,550",,,,,
9/3,2023,"2,081,144",,,,,
9/4,2023,"2,645,012",,,,,
9/5,2023,"2,243,518",,,,,
9/6,2023,"1,966,818",,,,,
9/7,2023,"2,283,466",,,,,
9/8,2023,"2,405,867",,,,,
9/9,2023,"1,986,960",,,,,
9/10,2023,"2,584,116",,,,,
9/11,2023,"2,402,206",,,,,
9/12,2023,"1,991,959",,,,,
9/13,2023,"2,113,134",,,,,
9/14,2023,"2,594,681",,,,,
9/15,2023,"2,583,450",,,,,
9/16,2023,"1,978,051",,,,,
9/17,2023,"2,648,872",,,,,
9/18,2023,"2,495,564",,,,,
9/19,2023,"1,992,774",,,,,
9/20,2023,"2,207,680",,,,,
9/21,2023,"2,651,017",,,,,
9/22,2023,"2,684,773",,,,,
9/23,2023,"2,065,137",,,,,
9/24,2023,"2,673,136",,,,,
9/25,2023,"2,543,611",,,,,
9/26,2023,"2,058,961",,,,,
9/27,2023,"2,138,667",,,,,
9/28,2023,"2,616,213",,,,,
9/29,2023,"2,602,713",,,,,
9/30,2023,"2,140,656",,,,,
10/1,2023,"2,682,443",,,,,
10/2,2023,"2,473,560",,,,,
10/3,2023,"2,001,087",,,,,
10/4,2023,"2,213,969",,,,,
10/5,2023,"2,697,601",,,,,
10/6,2023,"2,762,717",,,,,
10/7,2023,"2,232,660",,,,,
10/8,2023,"2,690,153",,,,,
10/9,2023,"2,681,432",,,,,
10/10,2023,"2,293,858",,,,,
10/11,2023,"2,372,544",,,,,
10/12,2023,"2,717,399",,,,,
10/13,2023,"2,673,246",,,,,
10/14,2023,"2,226,278",,,,,
10/15,2023,"2,797,326",,,,,
10/16,2023,"2,627,942",,,,,
10/17,2023,"2,213,819",,,,,
10/18,2023,"2,333,408",,,,,
10/19,2023,"2,695,224",,,,,
10/20,2023,"2,672,262",,,,,
10/21,2023,"2,161,735",,,,,
10/22,2023,"2,770,224",,,,,
10/23,2023,"2,607,835",,,,,
10/24,2023,"2,138,741",,,,,
10/25,2023,"2,251,047",,,,,
10/26,2023,"2,630,523",,,,,
10/27,2023,"2,615,422",,,,,
10/28,2023,"2,015,907",,,,,
10/29,2023,"2,520,086",,,,,
10/30,2023,"2,292,796",,,,,
10/31,2023,"1,665,839",,,,,
11/1,2023,"2,157,473",,,,,
11/2,2023,"2,415,581",,,,,
11/3,2023,"2,502,391",,,,,
11/4,2023,"2,045,614",,,,,
11/5,2023,"2,669,284",,,,,
11/6,2023,"2,491,545",,,,,
11/7,2023,"2,019,225",,,,,
11/8,2023,"2,209,479",,,,,
11/9,2023,"2,658,959",,,,,
11/10,2023,"2,591,818",,,,,
11/11,2023,"2,025,517",,,,,
11/12,2023,"2,683,745",,,,,
11/13,2023,"2,533,300",,,,,
11/14,2023,"2,035,761",,,,,
11/15,2023,"2,224,646",,,,,
11/16,2023,"2,550,045",,,,,
11/17,2023,"2,692,471",,,,,
11/18,2023,"2,379,699",,,,,
11/19,2023,"2,608,680",,,,,
11/20,2023,"2,532,525",,,,,
11/21,2023,"2,647,461",,,,,
11/22,2023,"2,741,610",,,,,
11/23,2023,"1,547,419",,,,,
11/24,2023,"2,199,057",,,,,
11/25,2023,"2,605,387",,,,,
11/26,2023,"2,908,785",,,,,
11/27,2023,"2,633,263",,,,,
11/28,2023,"2,171,943",,,,,
11/29,2023,"1,948,492",,,,,
11/30,2023,"2,276,703",,,,,
12/1,2023,"2,308,362",,,,,
12/2,2023,"1,864,999",,,,,
12/3,2023,"2,321,965",,,,,
12/4,2023,"2,266,792",,,,,
12/5,2023,"1,834,118",,,,,
12/6,2023,"1,998,620",,,,,
12/7,2023,"2,385,629",,,,,
12/8,2023,"2,431,077",,,,,
12/9,2023,"1,975,896",,,,,
12/10,2023,"2,419,762",,,,,
12/11,2023,"2,313,610",,,,,
12/12,2023,"1,954,074",,,,,
12/13,2023,"2,129,193",,,,,
12/14,2023,"2,502,604",,,,,
12/15,2023,"2,622,770",,,,,
12/16,2023,"2,252,933",,,,,
12/17,2023,"2,495,579",,,,,
12/18,2023,"2,366,275",,,,,
12/19,2023,"2,291,458",,,,,
12/20,2023,"2,514,171",,,,,
12/21,2023,"2,650,811",,,,,
12/22,2023,"2,775,193",,,,,
12/23,2023,"2,606,577",,,,,
12/24,2023,"1,972,309",,,,,
12/25,2023,"2,028,266",,,,,
12/26,2023,"2,665,034",,,,,
12/27,2023,"2,663,517",,,,,
12/28,2023,"2,633,264",,,,,
12/29,2023,"2,636,605",,,,,
12/30,2023,"2,563,962",,,,,
12/31,2023,"2,116,715",,,,,
1/1,2024,"2,291,679",,,,,
1/2,2024,"2,547,171",,,,,
1/3,2024,"2,410,354",,,,,
1/4,2024,"2,264,212",,,,,
1/5,2024,"2,279,609",,,,,
1/6,2024,"2,198,735",,,,,
1/7,2024,"2,377,166",,,,,
1/8,2024,"2,188,396",,,,,
1/9,2024,"1,760,965",,,,,
1/10,2024,"1,925,737",,,,,
1/11,2024,"2,284,892",,,,,
1/12,2024,"2,326,401",,,,,
1/13,2024,"1,908,969",,,,,
1/14,2024,"2,103,875",,,,,
1/15,2024,"2,192,498",,,,,
1/16,2024,"1,861,542",,,,,
1/17,2024,"1,846,156",,,,,
1/18,2024,"2,098,178",,,,,
1/19,2024,"2,094,123",,,,,
1/20,2024,"1,753,693",,,,,
1/21,2024,"2,242,178",,,,,
1/22,2024,"2,053,128",,,,,
1/23,2024,"1,605,605",,,,,
1/24,2024,"1,813,074",,,,,
1/25,2024,"2,221,349",,,,,
1/26,2024,"2,278,489",,,,,
1/27,2024,"1,772,385",,,,,
1/28,2024,"2,255,804",,,,,
1/29,2024,"2,075,944",,,,,
1/30,2024,"1,614,061",,,,,
1/31,2024,"1,800,869",,,,,
2/1,2024,"2,190,678",,,,,
2/2,2024,"2,208,021",,,,,
2/3,2024,"1,751,926",,,,,
2/4,2024,"2,271,930",,,,,
2/5,2024,"2,158,187",,,,,
2/6,2024,"1,695,138",,,,,
2/7,2024,"1,874,991",,,,,
2/8,2024,"2,302,124",,,,,
2/9,2024,"2,361,395",,,,,
2/10,2024,"1,882,990",,,,,
2/11,2024,"2,196,864",,,,,
2/12,2024,"2,280,988",,,,,
2/13,2024,"1,749,107",,,,,
2/14,2024,"2,017,085",,,,,
2/15,2024,"2,509,567",,,,,
2/16,2024,"2,611,520",,,,,
2/17,2024,"2,159,306",,,,,
2/18,2024,"2,473,686",,,,,
2/19,2024,"2,605,540",,,,,
2/20,2024,"2,202,696",,,,,
2/21,2024,"2,155,103",,,,,
2/22,2024,"2,511,370",,,,,
2/23,2024,"2,544,489",,,,,
2/24,2024,"2,105,616",,,,,
2/25,2024,"2,544,518",,,,,
2/26,2024,"2,633,264",,,,,
2/27,2024,"1,923,860",,,,,
2/28,2024,"2,133,631",,,,,
2/29,2024,"2,544,702",,,,,
3/1,2024,"2,602,711",,,,,
3/2,2024,"2,128,130",,,,,
3/3,2024,"2,558,672",,,,,
3/4,2024,"2,403,980",,,,,
3/5,2024,"1,975,223",,,,,
3/6,2024,"2,201,796",,,,,
3/7,2024,"2,568,447",,,,,
3/8,2024,"2,720,292",,,,,
3/9,2024,"2,342,497",,,,,
3/10,2024,"2,711,150",,,,,
3/11,2024,"2,554,568",,,,,
3/12,2024,"2,188,221",,,,,
3/13,2024,"2,387,222",,,,,
3/14,2024,"2,568,760",,,,,
3/15,2024,"2,706,989",,,,,
3/16,2024,"2,402,684",,,,,
3/17,2024,"2,728,408",,,,,
3/18,2024,"2,570,427",,,,,
3/19,2024,"2,197,909",,,,,
3/20,2024,"2,407,238",,,,,
3/21,2024,"2,677,627",,,,,
3/22,2024,"2,732,494",,,,,
3/23,2024,"2,422,705",,,,,
3/24,2024,"2,744,927",,,,,
3/25,2024,"2,601,077",,,,,
3/26,2024,"2,229,271",,,,,
3/27,2024,"2,456,768",,,,,
3/28,2024,"2,776,588",,,,,
3/29,2024,"2,693,787",,,,,
3/30,2024,"2,320,492",,,,,
3/31,2024,"2,586,606",,,,,
4/1,2024,"2,648,336",,,,,
4/2,2024,"2,258,219",,,,,
4/3,2024,"2,258,815",,,,,
4/4,2024,"2,619,443",,,,,
4/5,2024,"2,681,880",,,,,
4/6,2024,"2,314,575",,,,,
4/7,2024,"2,663,438",,,,,
4/8,2024,"2,484,246",,,,,
4/9,2024,"2,206,894",,,,,
4/10,2024,"2,310,987",,,,,
4/11,2024,"2,636,046",,,,,
4/12,2024,"2,713,889",,,,,
4/13,2024,"2,180,710",,,,,
4/14,2024,"2,677,386",,,,,
4/15,2024,"2,520,998",,,,,
4/16,2024,"2,144,137",,,,,
4/17,2024,"2,345,663",,,,,
4/18,2024,"2,687,379",,,,,
4/19,2024,"2,722,011",,,,,
4/20,2024,"2,221,654",,,,,
4/21,2024,"2,751,741",,,,,
4/22,2024,"2,570,159",,,,,
4/23,2024,"2,134,276",,,,,
4/24,2024,"2,296,148",,,,,
4/25,2024,"2,675,734",,,,,
4/26,2024,"2,675,619",,,,,
4/27,2024,"2,138,255",,,,,
4/28,2024,"2,633,073",,,,,
4/29,2024,"2,503,658",,,,,
4/30,2024,"2,145,965",,,,,
5/1,2024,"2,352,986",,,,,
5/2,2024,"2,642,085",,,,,
5/3,2024,"2,674,398",,,,,
5/4,2024,"2,175,619",,,,,
5/5,2024,"2,705,857",,,,,
5/6,2024,"2,639,594",,,,,
5/7,2024,"2,242,367",,,,,
5/8,2024,"2,436,675",,,,,
5/9,2024,"2,797,002",,,,,
5/10,2024,"2,789,715",,,,,
5/11,2024,"2,293,183",,,,,
5/12,2024,"2,666,048",,,,,
5/13,2024,"2,711,205",,,,,
5/14,2024,"2,274,001",,,,,
5/15,2024,"2,454,871",,,,,
5/16,2024,"2,807,609",,,,,
5/17,2024,"2,855,596",,,,,
5/18,2024,"2,365,576",,,,,
5/19,2024,"2,843,144",,,,,
5/20,2024,"2,745,343",,,,,
5/21,2024,"2,435,516",,,,,
5/22,2024,"2,518,844",,,,,
5/23,2024,"2,897,421",,,,,
5/24,2024,"2,951,859",,,,,
5/25,2024,"2,429,025",,,,,
5/26,2024,"2,412,782",,,,,
5/27,2024,"2,771,151",,,,,
5/28,2024,"2,555,317",,,,,
5/29,2024,"2,446,990",,,,,
5/30,2024,"2,652,394",,,,,
5/31,2024,"2,772,738",,,,,
6/1,2024,"2,414,886",,,,,
6/2,2024,"2,822,325",,,,,
6/3,2024,"2,718,914",,,,,
6/4,2024,"2,396,886",,,,,
6/5,2024,"2,552,797",,,,,
6/6,2024,"2,819,147",,,,,
6/7,2024,"2,842,265",,,,,
6/8,2024,"2,498,945",,,,,
6/9,2024,"2,914,565",,,,,
6/10,2024,"2,815,172",,,,,
6/11,2024,"2,487,123",,,,,
6/12,2024,"2,597,369",,,,,
6/13,2024,"2,859,064",,,,,
6/14,2024,"2,929,467",,,,,
6/15,2024,"2,617,341",,,,,
6/16,2024,"2,858,297",,,,,
6/17,2024,"2,721,038",,,,,
6/18,2024,"2,537,953",,,,,
6/19,2024,"2,683,871",,,,,
6/20,2024,"2,832,751",,,,,
6/21,2024,"2,873,524",,,,,
6/22,2024,"2,624,601",,,,,
6/23,2024,"2,996,495",,,,,
6/24,2024,"2,944,001",,,,,
6/25,2024,"2,612,423",,,,,
6/26,2024,"2,706,189",,,,,
6/27,2024,"2,921,490",,,,,
6/28,2024,"2,938,292",,,,,
6/29,2024,"2,639,429",,,,,
6/30,2024,"2,834,751",,,,,
7/1,2024,"2,754,205",,,,,
7/2,2024,"2,537,968",,,,,
7/3,2024,"2,786,125",,,,,
7/4,2024,"2,221,572",,,,,
7/5,2024,"2,431,136",,,,,
7/6,2024,"2,615,925",,,,,
7/7,2024,"3,013,622",,,,,
7/8,2024,"2,785,686",,,,,
7/9,2024,"2,580,013",,,,,
7/10,2024,"2,627,684",,,,,
7/11,2024,"2,838,398",,,,,
7/12,2024,"2,828,993",,,,,
7/13,2024,"2,582,682",,,,,
7/14,2024,"2,937,845",,,,,
7/15,2024,"2,780,901",,,,,
7/16,2024,"2,536,943",,,,,
7/17,2024,"2,640,465",,,,,
7/18,2024,"2,957,170",,,,,
7/19,2024,"2,716,300",,,,,
7/20,2024,"2,605,902",,,,,
7/21,2024,"2,908,201",,,,,
7/22,2024,"2,864,273",,,,,
7/23,2024,"2,602,654",,,,,
7/24,2024,"2,719,054",,,,,
7/25,2024,"2,924,478",,,,,
7/26,2024,"2,877,017",,,,,
7/27,2024,"2,582,948",,,,,
7/28,2024,"2,922,306",,,,,
7/29,2024,"2,795,087",,,,,
7/30,2024,"2,436,282",,,,,
7/31,2024,"2,617,183",,,,,
8/1,2024,"2,870,937",,,,,
8/2,2024,"2,803,485",,,,,
8/3,2024,"2,555,409",,,,,
8/4,2024,"2,797,654",,,,,
8/5,2024,"2,697,802",,,,,
8/6,2024,"2,413,393",,,,,
8/7,2024,"2,554,785",,,,,
8/8,2024,"2,807,740",,,,,
8/9,2024,"2,756,302",,,,,
8/10,2024,"2,474,769",,,,,
8/11,2024,"2,850,642",,,,,
8/12,2024,"2,705,688",,,,,
8/13,2024,"2,266,318",,,,,
8/14,2024,"2,380,356",,,,,
8/15,2024,"2,732,691",,,,,
8/16,2024,"2,748,790",,,,,
8/17,2024,"2,344,279",,,,,
8/18,2024,"2,796,842",,,,,
8/19,2024,"2,686,892",,,,,
8/20,2024,"2,252,166",,,,,
8/21,2024,"2,310,258",,,,,
8/22,2024,"2,654,369",,,,,
8/23,2024,"2,660,166",,,,,
8/24,2024,"2,185,821",,,,,
8/25,2024,"2,702,301",,,,,
8/26,2024,"2,463,140",,,,,
8/27,2024,"1,980,011",,,,,
8/28,2024,"2,220,756",,,,,
8/29,2024,"2,746,209",,,,,
8/30,2024,"2,909,901",,,,,
8/31,2024,"2,163,575",,,,,
9/1,2024,"2,218,818",,,,,
9/2,2024,"2,747,983",,,,,
9/3,2024,"2,272,011",,,,,
9/4,2024,"1,965,125",,,,,
9/5,2024,"2,276,872",,,,,
9/6,2024,"2,276,820",,,,,
9/7,2024,"2,404,731",,,,,
9/8,2024,"2,634,933",,,,,
9/9,2024,"2,425,072",,,,,
9/10,2024,"1,947,779",,,,,
9/11,2024,"1,999,641",,,,,
9/12,2024,"2,629,536",,,,,
9/13,2024,"2,629,323",,,,,
9/14,2024,"2,039,797",,,,,
9/15,2024,"2,751,315",,,,,
9/16,2024,"2,568,147",,,,,
9/17,2024,"2,043,339",,,,,
9/18,2024,"2,204,308",,,,,
9/19,2024,"2,720,020",,,,,
9/20,2024,"2,746,884",,,,,
9/21,2024,"2,113,564",,,,,
9/22,2024,"2,835,015",,,,,
9/23,2024,"2,557,227",,,,,
9/24,2024,"2,063,660",,,,,
9/25,2024,"2,184,782",,,,,
9/26,2024,"2,549,371",,,,,
9/27,2024,"2,584,954",,,,,
9/28,2024,"2,090,962",,,,,
9/29,2024,"2,744,571",,,,,
9/30,2024,"2,543,650",,,,,
10/1,2024,"1,999,634",,,,,
10/2,2024,"2,151,659",,,,,
10/3,2024,"2,640,014",,,,,
10/4,2024,"2,668,597",,,,,
10/5,2024,"2,107,910",,,,,
10/6,2024,"2,830,190",,,,,
10/7,2024,"2,650,335",,,,,
10/8,2024,"2,092,902",,,,,
10/9,2024,"2,104,215",,,,,
10/10,2024,"2,510,733",,,,,
10/11,2024,"2,840,030",,,,,
10/12,2024,"2,245,913",,,,,
10/13,2024,"2,759,142",,,,,
10/14,2024,"2,753,886",,,,,
10/15,2024,"2,331,184",,,,,
10/16,2024,"2,380,569",,,,,
10/17,2024,"2,790,870",,,,,
10/18,2024,"2,809,510",,,,,
10/19,2024,"2,244,809",,,,,
10/20,2024,"2,933,132",,,,,
10/21,2024,"2,755,713",,,,,
10/22,2024,"2,161,909",,,,,
10/23,2024,"2,283,117",,,,,
10/24,2024,"2,734,502",,,,,
10/25,2024,"2,757,169",,,,,
10/26,2024,"2,138,612",,,,,
10/27,2024,"2,796,574",,,,,
10/28,2024,"2,571,323",,,,,
10/29,2024,"1,956,260",,,,,
10/30,2024,"2,160,006",,,,,
10/31,2024,"2,160,830",,,,,
11/1,2024,"2,565,724",,,,,
11/2,2024,"1,997,599",,,,,
11/3,2024,"2,646,740",,,,,
11/4,2024,"2,403,105",,,,,
11/5,2024,"1,910,012",,,,,
11/6,2024,"2,105,120",,,,,
11/7,2024,"2,597,605",,,,,
11/8,2024,"2,662,582",,,,,
11/9,2024,"2,112,700",,,,,
11/10,2024,"2,660,422",,,,,
11/11,2024,"2,695,600",,,,,
11/12,2024,"2,085,585",,,,,
11/13,2024,"2,088,721",,,,,
11/14,2024,"2,561,963",,,,,
11/15,2024,"2,636,501",,,,,
11/16,2024,"1,949,589",,,,,
11/17,2024,"2,661,063",,,,,
11/18,2024,"2,455,064",,,,,
11/19,2024,"1,881,761",,,,,
11/20,2024,"2,070,806",,,,,
11/21,2024,"2,550,495",,,,,
11/22,2024,"2,753,579",,,,,
11/23,2024,"2,491,726",,,,,
11/24,2024,"2,659,149",,,,,
,,,,,,,
,,,,,,,
,,,,,,,
,,,,,,,
,,,,,,,
,,,,,,,
,,,,,,,
,,,,,,,
,,,,,,,
,,,,,,,
,,,,,,,
,,,,,,,
,,,,,,,
,,,,,,,
,,,,,,,
,,,,,,,
,,,,,,,
,,,,,,,
,,,,,,,
,,,,,,,
,,,,,,,
,,,,,,,
,,,,,,,
,,,,,,,
,,,,,,,
,,,,,,,
,,,,,,,
,,,,,,,
,,,,,,,
,,,,,,,
,,,,,,,
,,,,,,,
,,,,,,,
,,,,,,,
,,,,,,,
,,,,,,,
,,,,,,,
